-- phpMyAdmin SQL Dump
-- version 5.2.2
-- https://www.phpmyadmin.net/
--
-- Host: localhost:3306
-- Generation Time: Jan 20, 2026 at 01:22 PM
-- Server version: 10.6.24-MariaDB-cll-lve
-- PHP Version: 8.3.29

SET SQL_MODE = "NO_AUTO_VALUE_ON_ZERO";
START TRANSACTION;
SET time_zone = "+00:00";


/*!40101 SET @OLD_CHARACTER_SET_CLIENT=@@CHARACTER_SET_CLIENT */;
/*!40101 SET @OLD_CHARACTER_SET_RESULTS=@@CHARACTER_SET_RESULTS */;
/*!40101 SET @OLD_COLLATION_CONNECTION=@@COLLATION_CONNECTION */;
/*!40101 SET NAMES utf8mb4 */;

--
-- Database: `pct_calculator`
--

-- --------------------------------------------------------

--
-- Table structure for table `pctc_county_mst`
--

CREATE TABLE `pctc_county_mst` (
  `county_id_pk` int(11) NOT NULL,
  `county_name` varchar(100) NOT NULL,
  `zone_name` varchar(100) DEFAULT NULL,
  `zone_id` int(11) NOT NULL,
  `region` varchar(200) DEFAULT NULL,
  `transaction_type` enum('All','Resale','Re-Finance') DEFAULT 'All'
) ENGINE=InnoDB DEFAULT CHARSET=utf8mb3 COLLATE=utf8mb3_general_ci;

--
-- Dumping data for table `pctc_county_mst`
--

INSERT INTO `pctc_county_mst` (`county_id_pk`, `county_name`, `zone_name`, `zone_id`, `region`, `transaction_type`) VALUES
(1, 'Campbell', 'Santa Clara County', 7, 'California', 'Re-Finance'),
(2, 'Cupertino', 'Santa Clara County', 7, 'California', 'Re-Finance'),
(3, 'Gilroy', 'Santa Clara County', 7, 'California', 'Re-Finance'),
(4, 'Los Altos', 'Santa Clara County', 7, 'California', 'Re-Finance'),
(5, 'Los Altos Hills', 'Santa Clara County', 7, 'California', 'Re-Finance'),
(6, 'Los Gatos', 'Santa Clara County', 7, 'California', 'Re-Finance'),
(7, 'Milpitas', 'Santa Clara County', 7, 'California', 'Re-Finance'),
(8, 'Monte Sereno', 'Santa Clara County', 7, 'California', 'Re-Finance'),
(9, 'Morgan Hill', 'Santa Clara County', 7, 'California', 'Re-Finance'),
(10, 'Mountain View', 'Santa Clara County', 7, 'California', 'Re-Finance'),
(11, 'San Jose', 'Santa Clara County', 7, 'California', 'Re-Finance'),
(12, 'Palo Alto', 'Santa Clara County', 7, 'California', 'Re-Finance'),
(13, 'Santa Clara', 'Santa Clara County', 7, 'California', 'Re-Finance'),
(14, 'Saratoga', 'Santa Clara County', 7, 'California', 'Re-Finance'),
(15, 'Sunnyvale', 'Santa Clara County', 7, 'California', 'Re-Finance'),
(16, 'Aliso Viejo', 'Orange', 1, 'California', 'All'),
(17, 'Anaheim', 'Orange', 1, 'California', 'All'),
(18, 'Brea', 'Orange', 1, 'California', 'All'),
(19, 'Buena Park', 'Orange', 1, 'California', 'All'),
(20, 'Costa Mesa', 'Orange', 1, 'California', 'All'),
(21, 'Cypress', 'Orange', 1, 'California', 'All'),
(22, 'Dana Point', 'Orange', 1, 'California', 'All'),
(23, 'Fountain Valley', 'Orange', 1, 'California', 'All'),
(24, 'Fullerton', 'Orange', 1, 'California', 'All'),
(25, 'Garden Grove', 'Orange', 1, 'California', 'All'),
(26, 'Huntington Beach', 'Orange', 1, 'California', 'All'),
(27, 'Irvine', 'Orange', 1, 'California', 'All'),
(28, 'Laguna Beach', 'Orange', 1, 'California', 'All'),
(29, 'Laguna Hills', 'Orange', 1, 'California', 'All'),
(30, 'Laguna Niguel', 'Orange', 1, 'California', 'All'),
(31, 'Laguna Woods', 'Orange', 1, 'California', 'All'),
(32, 'La Habra', 'Orange', 1, 'California', 'All'),
(33, 'Lake Forest', 'Orange', 1, 'California', 'All'),
(34, 'La Palma', 'Orange', 1, 'California', 'All'),
(35, 'Los Alamitos', 'Orange', 1, 'California', 'All'),
(36, 'Mission Viejo', 'Orange', 1, 'California', 'All'),
(37, 'Newport Beach', 'Orange', 1, 'California', 'All'),
(38, 'Orange', 'Orange', 1, 'California', 'All'),
(39, 'Placentia', 'Orange', 1, 'California', 'All'),
(40, 'Rancho Santa Margarita', 'Orange', 1, 'California', 'All'),
(41, 'San Clemente', 'Orange', 1, 'California', 'All'),
(42, 'San Juan Capistrano', 'Orange', 1, 'California', 'All'),
(43, 'Santa Ana', 'Orange', 1, 'California', 'All'),
(44, 'Seal Beach', 'Orange', 1, 'California', 'All'),
(45, 'Stanton', 'Orange', 1, 'California', 'All'),
(46, 'Tustin', 'Orange', 1, 'California', 'All'),
(47, 'Villa Park', 'Orange', 1, 'California', 'All'),
(48, 'Westminster', 'Orange', 1, 'California', 'All'),
(49, 'Yorba Linda', 'Orange', 1, 'California', 'All'),
(50, 'Banning', 'Riverside', 1, 'California', 'All'),
(51, 'Beaumont', 'Riverside', 1, 'California', 'All'),
(52, 'Blythe', 'Riverside', 1, 'California', 'All'),
(53, 'Calimesa', 'Riverside', 1, 'California', 'All'),
(54, 'Canyon Lake', 'Riverside', 1, 'California', 'All'),
(55, 'Cathedral City', 'Riverside', 1, 'California', 'All'),
(56, 'Coachella', 'Riverside', 1, 'California', 'All'),
(57, 'Corona', 'Riverside', 1, 'California', 'All'),
(58, 'Desert Hot Springs', 'Riverside', 1, 'California', 'All'),
(59, 'Eastvale', 'Riverside', 1, 'California', 'All'),
(60, 'Hemet', 'Riverside', 1, 'California', 'All'),
(61, 'Indian Wells', 'Riverside', 1, 'California', 'All'),
(62, 'Indio', 'Riverside', 1, 'California', 'All'),
(63, 'Jurupa Valley', 'Riverside', 1, 'California', 'All'),
(64, 'Lake Elsinore', 'Riverside', 1, 'California', 'All'),
(65, 'La Quinta', 'Riverside', 1, 'California', 'All'),
(66, 'Menifee', 'Riverside', 1, 'California', 'All'),
(67, 'Moreno Valley', 'Riverside', 1, 'California', 'All'),
(68, 'Murrieta', 'Riverside', 1, 'California', 'All'),
(69, 'Norco', 'Riverside', 1, 'California', 'All'),
(70, 'Palm Desert', 'Riverside', 1, 'California', 'All'),
(71, 'Palm Springs', 'Riverside', 1, 'California', 'All'),
(72, 'Perris', 'Riverside', 1, 'California', 'All'),
(73, 'Rancho Mirage', 'Riverside', 1, 'California', 'All'),
(74, 'Riverside', 'Riverside', 1, 'California', 'All'),
(75, 'San Jacinto', 'Riverside', 1, 'California', 'All'),
(76, 'Temecula', 'Riverside', 1, 'California', 'All'),
(77, 'Wildomar', 'Riverside', 1, 'California', 'All'),
(78, 'Alameda', 'Alameda County', 7, 'California', 'All'),
(79, 'Albany', 'Alameda County', 7, 'California', 'All'),
(80, 'Berkeley', 'Alameda County', 7, 'California', 'All'),
(81, 'Castro Valley', 'Alameda County', 7, 'California', 'All'),
(82, 'Dublin', 'Alameda County', 7, 'California', 'All'),
(83, 'Emeryville', 'Alameda County', 7, 'California', 'All'),
(84, 'Fremont', 'Alameda County', 7, 'California', 'All'),
(85, 'Hayward', 'Alameda County', 7, 'California', 'All'),
(86, 'Kensington', 'Alameda County', 7, 'California', 'All'),
(87, 'Livermore', 'Alameda County', 7, 'California', 'All'),
(88, 'Mount Eden', 'Alameda County', 7, 'California', 'All'),
(89, 'Newark', 'Alameda County', 7, 'California', 'All'),
(90, 'Oakland', 'Alameda County', 7, 'California', 'All'),
(91, 'Piedmont', 'Alameda County', 7, 'California', 'All'),
(92, 'Pleasanton', 'Alameda County', 7, 'California', 'All'),
(93, 'San Leandro', 'Alameda County', 7, 'California', 'All'),
(94, 'San Lorenzo', 'Alameda County', 7, 'California', 'All'),
(95, 'Sunol', 'Alameda County', 7, 'California', 'All'),
(96, 'Union City', 'Alameda County', 7, 'California', 'All'),
(97, 'Antioch', 'Contra County', 7, 'California', 'All'),
(98, 'Brentwood', 'Contra County', 7, 'California', 'All'),
(99, 'Clayton', 'Contra County', 7, 'California', 'All'),
(100, 'Concord', 'Contra County', 7, 'California', 'All'),
(101, 'Danville', 'Contra County', 7, 'California', 'All'),
(102, 'El Cerrito', 'Contra County', 7, 'California', 'All'),
(103, 'Hercules', 'Contra County', 7, 'California', 'All'),
(104, 'Lafayette', 'Contra County', 7, 'California', 'All'),
(105, 'Martinez', 'Contra County', 7, 'California', 'All'),
(106, 'Moraga', 'Contra County', 7, 'California', 'All'),
(107, 'Oakley', 'Contra County', 7, 'California', 'All'),
(108, 'Orinda', 'Contra County', 7, 'California', 'All'),
(109, 'Pinole', 'Contra County', 7, 'California', 'All'),
(110, 'Pittsburg', 'Contra County', 7, 'California', 'All'),
(111, 'Pleasant Hill', 'Contra County', 7, 'California', 'All'),
(112, 'Richmond', 'Contra County', 7, 'California', 'All'),
(113, 'San Pablo', 'Contra County', 7, 'California', 'All'),
(114, 'San Ramon', 'Contra County', 7, 'California', 'All'),
(115, 'Walnut Creek', 'Contra County', 7, 'California', 'All'),
(116, 'Adelanto', 'San Bernardino', 1, 'California', 'All'),
(117, 'Apple Valley', 'San Bernardino', 1, 'California', 'All'),
(118, 'Barstow', 'San Bernardino', 1, 'California', 'All'),
(119, 'Big Bear Lake', 'San Bernardino', 1, 'California', 'All'),
(120, 'Chino', 'San Bernardino', 1, 'California', 'All'),
(121, 'Chino Hills', 'San Bernardino', 1, 'California', 'All'),
(122, 'Colton', 'San Bernardino', 1, 'California', 'All'),
(123, 'Fontana', 'San Bernardino', 1, 'California', 'All'),
(124, 'Grand Terrace', 'San Bernardino', 1, 'California', 'All'),
(125, 'Hesperia', 'San Bernardino', 1, 'California', 'All'),
(126, 'Highland', 'San Bernardino', 1, 'California', 'All'),
(127, 'Loma Linda', 'San Bernardino', 1, 'California', 'All'),
(128, 'Montclair', 'San Bernardino', 1, 'California', 'All'),
(129, 'Needles', 'San Bernardino', 1, 'California', 'All'),
(130, 'Ontario', 'San Bernardino', 1, 'California', 'All'),
(131, 'Rancho Cucamonga', 'San Bernardino', 1, 'California', 'All'),
(132, 'Redlands', 'San Bernardino', 1, 'California', 'All'),
(133, 'Rialto', 'San Bernardino', 1, 'California', 'All'),
(134, 'San Bernardino', 'San Bernardino', 1, 'California', 'All'),
(135, 'Twentynine Palms', 'San Bernardino', 1, 'California', 'All'),
(136, 'Upland', 'San Bernardino', 1, 'California', 'All'),
(137, 'Victorville', 'San Bernardino', 1, 'California', 'All'),
(138, 'Yucaipa', 'San Bernardino', 1, 'California', 'All'),
(139, 'Yucca Valley', 'San Bernardino', 1, 'California', 'All'),
(140, 'Agoura Hills', 'Los Angeles County', 2, 'California', 'All'),
(141, 'Alhambra', 'Los Angeles County', 2, 'California', 'All'),
(142, 'Arcadia', 'Los Angeles County', 2, 'California', 'All'),
(143, 'Artesia', 'Los Angeles County', 2, 'California', 'All'),
(144, 'Avalon', 'Los Angeles County', 2, 'California', 'All'),
(145, 'Azusa', 'Los Angeles County', 2, 'California', 'All'),
(146, 'Baldwin Park', 'Los Angeles County', 2, 'California', 'All'),
(147, 'Bell', 'Los Angeles County', 2, 'California', 'All'),
(148, 'Bellflower', 'Los Angeles County', 2, 'California', 'All'),
(149, 'Bell Gardens', 'Los Angeles County', 2, 'California', 'All'),
(150, 'Beverly Hills', 'Los Angeles County', 2, 'California', 'All'),
(151, 'Bradbury', 'Los Angeles County', 2, 'California', 'All'),
(152, 'Burbank', 'Los Angeles County', 2, 'California', 'All'),
(153, 'Calabasas', 'Los Angeles County', 2, 'California', 'All'),
(154, 'Carson', 'Los Angeles County', 2, 'California', 'All'),
(155, 'Cerritos', 'Los Angeles County', 2, 'California', 'All'),
(156, 'Claremont', 'Los Angeles County', 2, 'California', 'All'),
(157, 'Commerce', 'Los Angeles County', 2, 'California', 'All'),
(158, 'Compton', 'Los Angeles County', 2, 'California', 'All'),
(159, 'Covina', 'Los Angeles County', 2, 'California', 'All'),
(160, 'Cudahy', 'Los Angeles County', 2, 'California', 'All'),
(161, 'Culver City', 'Los Angeles County', 2, 'California', 'All'),
(162, 'Diamond Bar', 'Los Angeles County', 2, 'California', 'All'),
(163, 'Downey', 'Los Angeles County', 2, 'California', 'All'),
(164, 'Duarte', 'Los Angeles County', 2, 'California', 'All'),
(165, 'El Monte', 'Los Angeles County', 2, 'California', 'All'),
(166, 'El Segundo', 'Los Angeles County', 2, 'California', 'All'),
(167, 'Gardena', 'Los Angeles County', 2, 'California', 'All'),
(168, 'Glendale', 'Los Angeles County', 2, 'California', 'All'),
(169, 'Glendora', 'Los Angeles County', 2, 'California', 'All'),
(170, 'Hawaiian Gardens', 'Los Angeles County', 2, 'California', 'All'),
(171, 'Hawthorne', 'Los Angeles County', 2, 'California', 'All'),
(172, 'Hermosa Beach', 'Los Angeles County', 2, 'California', 'All'),
(173, 'Hidden Hills', 'Los Angeles County', 2, 'California', 'All'),
(174, 'Huntington Park', 'Los Angeles County', 2, 'California', 'All'),
(175, 'Industry', 'Los Angeles County', 2, 'California', 'All'),
(176, 'Inglewood', 'Los Angeles County', 2, 'California', 'All'),
(177, 'Irwindale', 'Los Angeles County', 2, 'California', 'All'),
(178, 'La Canada Flintridge', 'Los Angeles County', 2, 'California', 'All'),
(179, 'La Habra Heights', 'Los Angeles County', 2, 'California', 'All'),
(180, 'Lakewood', 'Los Angeles County', 2, 'California', 'All'),
(181, 'La Mirada', 'Los Angeles County', 2, 'California', 'All'),
(182, 'Lancaster', 'Los Angeles County', 2, 'California', 'All'),
(183, 'La Puente', 'Los Angeles County', 2, 'California', 'All'),
(184, 'La Verne', 'Los Angeles County', 2, 'California', 'All'),
(185, 'Lawndale', 'Los Angeles County', 2, 'California', 'All'),
(186, 'Lomita', 'Los Angeles County', 2, 'California', 'All'),
(187, 'Long Beach', 'Los Angeles County', 2, 'California', 'All'),
(188, 'Los Angeles', 'Los Angeles County', 2, 'California', 'All'),
(189, 'Lynwood', 'Los Angeles County', 2, 'California', 'All'),
(190, 'Malibu', 'Los Angeles County', 2, 'California', 'All'),
(191, 'Manhattan Beach', 'Los Angeles County', 2, 'California', 'All'),
(192, 'Maywood', 'Los Angeles County', 2, 'California', 'All'),
(193, 'Monrovia', 'Los Angeles County', 2, 'California', 'All'),
(194, 'Montebello', 'Los Angeles County', 2, 'California', 'All'),
(195, 'Monterey Park', 'Los Angeles County', 2, 'California', 'All'),
(196, 'Norwalk', 'Los Angeles County', 2, 'California', 'All'),
(197, 'Palmdale', 'Los Angeles County', 2, 'California', 'All'),
(198, 'Palos Verdes Estates', 'Los Angeles County', 2, 'California', 'All'),
(199, 'Paramount', 'Los Angeles County', 2, 'California', 'All'),
(200, 'Pasadena', 'Los Angeles County', 2, 'California', 'All'),
(201, 'Pico Rivera', 'Los Angeles County', 2, 'California', 'All'),
(202, 'Pomona', 'Los Angeles County', 2, 'California', 'All'),
(203, 'Rancho Palos Verdes', 'Los Angeles County', 2, 'California', 'All'),
(204, 'Redondo Beach', 'Los Angeles County', 2, 'California', 'All'),
(205, 'Rolling Hills', 'Los Angeles County', 2, 'California', 'All'),
(206, 'Rolling Hills Estates', 'Los Angeles County', 2, 'California', 'All'),
(207, 'Rosemead', 'Los Angeles County', 2, 'California', 'All'),
(208, 'San Dimas', 'Los Angeles County', 2, 'California', 'All'),
(209, 'San Fernando', 'Los Angeles County', 2, 'California', 'All'),
(210, 'San Gabriel', 'Los Angeles County', 2, 'California', 'All'),
(211, 'San Marino', 'Los Angeles County', 2, 'California', 'All'),
(212, 'Santa Clarita', 'Los Angeles County', 2, 'California', 'All'),
(213, 'Santa Fe Springs', 'Los Angeles County', 2, 'California', 'All'),
(214, 'Santa Monica', 'Los Angeles County', 2, 'California', 'All'),
(215, 'Sierra Madre', 'Los Angeles County', 2, 'California', 'All'),
(216, 'Signal Hill', 'Los Angeles County', 2, 'California', 'All'),
(217, 'South El Monte', 'Los Angeles County', 2, 'California', 'All'),
(218, 'South Gate', 'Los Angeles County', 2, 'California', 'All'),
(219, 'South Pasadena', 'Los Angeles County', 2, 'California', 'All'),
(220, 'Temple City', 'Los Angeles County', 2, 'California', 'All'),
(221, 'Torrance', 'Los Angeles County', 2, 'California', 'All'),
(222, 'Vernon', 'Los Angeles County', 2, 'California', 'All'),
(223, 'Walnut', 'Los Angeles County', 2, 'California', 'All'),
(224, 'West Covina', 'Los Angeles County', 2, 'California', 'All'),
(225, 'West Hollywood', 'Los Angeles County', 2, 'California', 'All'),
(226, 'Westlake Village', 'Los Angeles County', 2, 'California', 'All'),
(227, 'Whittier', 'Los Angeles County', 2, 'California', 'All'),
(228, 'Camarillo', 'Ventura County', 3, 'California', 'All'),
(229, 'Fillmore', 'Ventura County', 3, 'California', 'All'),
(230, 'Moorpark', 'Ventura County', 3, 'California', 'All'),
(231, 'Ojai', 'Ventura County', 3, 'California', 'All'),
(232, 'Oxnard', 'Ventura County', 3, 'California', 'All'),
(233, 'Port Hueneme', 'Ventura County', 3, 'California', 'All'),
(234, 'San Buenaventura', 'Ventura County', 3, 'California', 'All'),
(235, 'Santa Paula', 'Ventura County', 3, 'California', 'All'),
(236, 'Simi Valley', 'Ventura County', 3, 'California', 'All'),
(237, 'Thousand Oaks', 'Ventura County', 3, 'California', 'All'),
(238, 'Ventura', 'Ventura County', 3, 'California', 'All'),
(239, 'Carlsbad', 'San Diego', 10, 'California', 'All'),
(240, 'Chula Vista', 'San Diego', 10, 'California', 'All'),
(241, 'Coronado', 'San Diego', 10, 'California', 'All'),
(242, 'Del Mar', 'San Diego', 10, 'California', 'All'),
(243, 'El Cajon', 'San Diego', 10, 'California', 'All'),
(244, 'Encinitas', 'San Diego', 10, 'California', 'All'),
(245, 'Escondido', 'San Diego', 10, 'California', 'All'),
(246, 'Imperial Beach', 'San Diego', 10, 'California', 'All'),
(247, 'La Mesa', 'San Diego', 10, 'California', 'All'),
(248, 'Lemon Grove', 'San Diego', 10, 'California', 'All'),
(249, 'National City', 'San Diego', 10, 'California', 'All'),
(250, 'Oceanside', 'San Diego', 10, 'California', 'All'),
(251, 'Poway', 'San Diego', 10, 'California', 'All'),
(252, 'San Diego', 'San Diego', 10, 'California', 'All'),
(253, 'San Marcos', 'San Diego', 10, 'California', 'All'),
(254, 'Santee', 'San Diego', 10, 'California', 'All'),
(255, 'Solana Beach', 'San Diego', 10, 'California', 'All'),
(256, 'Vista', 'San Diego', 10, 'California', 'All'),
(257, 'Yuba', 'Yuba', 0, 'California', 'Re-Finance'),
(258, 'Lake', 'Lake', 0, 'California', 'Re-Finance'),
(259, 'Tehama', 'Tehama', 0, 'California', 'Re-Finance'),
(260, 'San Benito', 'San Benito', 0, 'California', 'Re-Finance'),
(261, 'Tuolumne', 'Tuolumne', 0, 'California', 'Re-Finance'),
(262, 'Syskiyou', 'Syskiyou', 0, 'California', 'Re-Finance'),
(263, 'Calayeras', 'Calayeras', 0, 'California', 'Re-Finance'),
(264, 'Amador', 'Amador', 0, 'California', 'Re-Finance'),
(265, 'Lassen', 'Lassen', 0, 'California', 'Re-Finance'),
(266, 'Del Norte', 'Del Norte', 0, 'California', 'Re-Finance'),
(267, 'Glenn', 'Glenn', 0, 'California', 'Re-Finance'),
(268, 'Colusa', 'Colusa', 0, 'California', 'Re-Finance'),
(269, 'Plumas', 'Plumas', 0, 'California', 'Re-Finance'),
(270, 'Mariposa', 'Mariposa', 0, 'California', 'Re-Finance'),
(271, 'Inyo', 'Inyo', 0, 'California', 'Re-Finance'),
(272, 'Trinity', 'Trinity', 0, 'California', 'Re-Finance'),
(273, 'Mono', 'Mono', 0, 'California', NULL),
(274, 'Modoc', 'Modoc', 0, 'California', 'Re-Finance'),
(275, 'Sierra', 'Sierra', 0, 'California', NULL),
(276, 'Alpine', 'Alpine', 0, 'California', NULL),
(277, 'Sacramento', 'Sacramento', 0, 'California', 'All'),
(278, 'Contra Costa', 'Contra Costa', 0, 'California', 'All'),
(279, 'Fresno', 'Fresno', 0, 'California', 'All'),
(280, 'San Francisco', 'San Francisco', 0, 'California', 'All'),
(281, 'Ventura', 'Ventura', 0, 'California', 'All'),
(282, 'Kern', 'Kern', 0, 'California', 'All'),
(283, 'San Mateo', 'San Mateo', 0, 'California', 'Re-Finance'),
(284, 'San Joaquin', 'San Joaquin', 0, 'California', 'All'),
(285, 'Stanislaus', 'Stanislaus', 0, 'California', 'All'),
(286, 'Sonoma', 'Sonoma', 0, 'California', 'Re-Finance'),
(287, 'Tulare', 'Tulare', 0, 'California', 'Re-Finance'),
(288, 'Monterey', 'Monterey', 0, 'California', 'Re-Finance'),
(289, 'Santa Barbara', 'Santa Barbara', 0, 'California', 'All'),
(290, 'Solano', 'Solano', 0, 'California', 'All'),
(291, 'Placer', 'Placer', 0, 'California', 'Re-Finance'),
(292, 'San Luis Obispo', 'San Luis Obispo', 0, 'California', 'Re-Finance'),
(293, 'Santa Cruz', 'Santa Cruz', 0, 'California', 'Re-Finance'),
(294, 'Marin', 'Marin', 0, 'California', 'Re-Finance'),
(295, 'Merced', 'Merced', 0, 'California', 'Re-Finance'),
(296, 'Butte', 'Butte', 0, 'California', 'Re-Finance'),
(297, 'Yolo', 'Yolo', 0, 'California', 'Re-Finance'),
(298, 'Shasta', 'Shasta', 0, 'California', 'Re-Finance'),
(299, 'Imperial', 'Imperial', 0, 'California', 'Re-Finance'),
(300, 'El Dorado', 'El Dorado', 0, 'California', 'Re-Finance'),
(301, 'Kings', 'Kings', 0, 'California', 'Re-Finance'),
(302, 'Madera', 'Madera', 0, 'California', 'Re-Finance'),
(303, 'Napa', 'Napa', 0, 'California', NULL),
(304, 'Humboldt', 'Humboldt', 0, 'California', 'Re-Finance'),
(305, 'Sutter', 'Sutter', 0, 'California', 'Re-Finance'),
(306, 'Nevada', 'Nevada', 0, 'California', 'Re-Finance'),
(307, 'MendocIno', 'MendocIno', 0, 'California', 'Re-Finance'),
(308, 'All Cities', 'Santa Clara County', 7, 'California', 'Re-Finance'),
(309, 'All Cities', 'Orange', 1, 'California', 'All'),
(310, 'All Cities', 'Riverside', 1, 'California', 'All'),
(311, 'All Cities', 'Alameda County', 7, 'California', 'All'),
(312, 'All Cities', 'Contra County', 7, 'California', 'All'),
(313, 'All Cities', 'San Bernardino', 1, 'California', 'All'),
(314, 'All Cities', 'Los Angeles County', 2, 'California', 'All'),
(315, 'All Cities', 'Ventura County', 3, 'California', 'All'),
(316, 'All Cities', 'San Diego', 10, 'California', 'All');

--
-- Indexes for dumped tables
--

--
-- Indexes for table `pctc_county_mst`
--
ALTER TABLE `pctc_county_mst`
  ADD PRIMARY KEY (`county_id_pk`);

--
-- AUTO_INCREMENT for dumped tables
--

--
-- AUTO_INCREMENT for table `pctc_county_mst`
--
ALTER TABLE `pctc_county_mst`
  MODIFY `county_id_pk` int(11) NOT NULL AUTO_INCREMENT, AUTO_INCREMENT=317;
COMMIT;

/*!40101 SET CHARACTER_SET_CLIENT=@OLD_CHARACTER_SET_CLIENT */;
/*!40101 SET CHARACTER_SET_RESULTS=@OLD_CHARACTER_SET_RESULTS */;
/*!40101 SET COLLATION_CONNECTION=@OLD_COLLATION_CONNECTION */;
